Class,IQ,SCORE,SES,Gender
1,14.28886476,46.54836854,11,0
1,14.12391918,50.65589108,0,1
1,4.108898092,28.60561298,10,1
1,15.38578352,42.73875005,9,1
1,4.088412639,35.45914031,10,1
1,17.49637863,44.85247574,3,0
1,6.040829222,37.6151863,9,1
1,7.285357358,26.26356499,6,1
1,16.88799304,50.3916124,5,1
1,13.67080278,44.98502479,6,1
2,12.18367295,47.04222859,5,1
2,7.132533272,20.86149192,9,0
2,7.81014757,30.74993887,11,1
2,11.20620636,40.92981158,11,0
2,6.449738811,32.56638144,9,0
2,5.76399841,27.54894405,6,0
2,12.16600519,29.07189778,10,0
2,14.2024305,51.51597754,0,1
2,14.55716701,46.60371282,7,0
2,10.49975311,37.13492995,2,1
2,11.55422289,48.70068645,11,0
2,9.009501425,48.0976072,5,0
2,9.195454553,20.88667869,10,1
3,12.60332754,43.59364686,10,0
3,17.42054945,51.75109768,0,1
3,10.28430813,38.60893006,7,0
3,4.793120171,29.26758147,6,1
3,12.00763143,56.71219646,0,1
3,11.23986096,41.53605113,5,0
3,4.336203813,21.40427618,1,1
3,17.66775114,56.7882532,8,1
3,7.962692875,23.93610685,1,0
3,7.53460456,35.79469064,4,1
4,7.269562979,25.95799098,1,0
4,16.75317535,43.65744422,7,0
4,8.204006975,26.41845492,7,0
4,13.59614395,43.67434393,4,1
4,13.84451804,48.60952688,9,0
4,5.106557188,38.79663162,6,1
4,5.562339831,36.04906897,4,0
4,7.490151055,37.27606241,3,0
4,4.188124576,46.41860081,1,1
4,12.01485156,39.29789228,8,0
4,17.90400959,49.30390406,1,1
4,17.81526122,53.93252879,6,0
5,9.329984553,28.65345484,1,0
5,13.38961385,51.15463405,2,1
5,5.111919246,32.46135379,6,1
5,14.30422971,48.51650837,7,0
5,9.356404328,42.91611111,10,1
5,7.344518182,28.50147579,10,0
5,6.590431775,22.5458438,9,1
5,16.77293952,48.6407311,11,0
5,9.49970958,22.1558479,1,0
5,4.073547058,30.07671204,8,0
5,5.975918797,31.48332775,7,1
5,10.40877553,33.49876613,6,1
5,8.860612724,24.63699808,4,1
5,10.65642903,37.04300197,3,0
5,7.081069949,26.26968975,3,0
5,17.55777307,49.43559429,5,1
5,5.979868768,28.83971241,6,0
5,4.430514525,24.18394037,0,0
5,5.684414296,17.43541133,1,1
6,12.59631424,40.6966154,6,0
6,14.51387847,53.3444749,6,1
6,8.131438641,46.95638346,6,0
6,14.6011186,41.24440868,1,1
6,11.78258771,31.50266792,6,1
6,6.986818349,28.62599965,10,1
6,4.709952217,27.85633805,5,1
6,11.41960089,23.01096113,9,1
6,16.41447815,51.65759192,2,1
6,16.0244841,51.39784853,9,1
7,14.3667047,57.59499689,9,1
7,13.77024248,42.00760805,5,0
7,6.351676579,41.99161225,11,1
7,11.94698901,17.40044149,5,0
7,10.54085161,23.49318039,10,0
7,11.04881706,37.96200818,11,0
7,8.85723796,28.88819337,0,0
7,6.143925023,31.51432148,7,1
7,5.034707805,29.22037198,11,1
7,5.610385863,13.28071233,5,0
7,17.91885918,54.15476943,5,1
7,10.58893715,41.20584201,8,1
7,9.368363948,31.33010841,8,0
7,16.71710156,48.70458025,7,0
7,12.67878131,44.13323186,4,0
7,5.4433774,32.70323468,6,0
7,16.50845315,50.51311153,1,1
8,5.869801662,33.90958555,11,1
8,16.30586202,51.91251943,3,1
8,11.17180648,40.00859453,0,0
8,13.88777947,41.07236066,10,1
8,15.1284996,46.87796256,3,1
8,9.736554179,27.30437176,5,1
8,16.34143714,50.63459676,10,1
8,12.51574927,41.54963445,7,0
8,8.96694072,25.80821695,0,1
8,4.81516267,24.23886001,5,1
8,11.03306111,36.31948966,3,1
8,12.98104409,43.15520343,6,1
8,6.933642651,21.90729869,6,1
8,12.84382586,61.38568723,0,0
8,11.18327334,53.46107257,2,1
8,10.9488411,22.87665033,3,0
9,13.80464962,47.80842507,0,1
9,10.65161598,37.390482,7,1
9,16.98900298,51.98314677,3,1
9,5.865486578,27.42142281,4,1
9,11.20355079,50.23183648,10,0
9,15.77167363,56.06818464,6,1
9,11.66967486,50.62255906,6,0
9,4.512648844,37.43244541,4,1
9,4.312813775,29.37908548,0,0
9,7.291920632,33.67804498,11,0
9,12.19145895,39.35308229,0,0
9,15.23929166,57.45490732,2,1
9,4.652226752,45.92778765,2,0
9,6.146996742,35.79164032,10,1
9,16.97462026,50.93174889,7,0
9,6.703157355,32.47566574,2,0
9,13.11264496,50.81204844,6,0
9,12.5746277,40.29592659,5,0
9,5.88067615,22.71415053,10,1
10,16.00628928,47.37611134,6,1
10,17.81952148,50.91118809,5,0
10,16.62403768,56.02001304,5,1
10,9.658816695,33.58149655,1,0
10,6.301159871,39.0897526,1,1
10,17.04124149,53.45477612,1,1
10,14.88497622,48.65199685,7,1
10,8.991342433,33.91347135,4,1
10,14.97922506,57.29279927,5,1
10,17.23032431,51.59866014,8,1
10,13.0648476,40.43185581,9,0
10,7.442042086,33.95209909,7,0
10,4.947938254,16.16668304,7,1
10,16.16772198,58.20283076,11,0
10,14.62254098,52.15795064,10,1
11,5.462171133,31.39564502,7,1
11,6.777141238,27.93597363,11,0
11,6.580715685,40.52714247,3,0
11,13.32606683,43.56755244,4,0
11,12.29441576,33.59160676,6,1
11,12.67106528,39.90930048,9,1
11,7.043565766,30.77428903,8,0
11,8.906505588,36.84468904,6,0
11,8.326238726,34.10086805,10,0
11,4.970448919,34.05124744,10,0
11,16.04496914,53.17598956,10,1
12,8.463430117,35.01585045,5,1
12,8.529679233,33.48792797,5,0
12,5.592118361,47.09998497,7,0
12,7.590361697,19.27417913,3,1
12,15.34191078,56.81259122,11,1
12,9.124416682,33.95273258,7,1
12,4.052456823,34.15316932,1,0
12,11.55164465,34.95932303,0,0
12,5.047192473,22.21003993,6,0
12,4.045831323,17.59757787,7,0
12,14.40741032,42.99000805,10,1
12,4.168180957,22.94064399,4,1
12,5.784630165,19.38882938,10,0
12,14.31689724,49.74798005,7,1
12,14.16303337,58.77143826,10,0
12,14.11871956,55.59737026,3,1
12,15.16876708,53.25151864,3,0
12,9.212959037,36.00182114,11,0
12,9.487214201,43.6492562,9,1
13,7.207589688,52.81158622,10,1
13,7.610412852,28.97235615,8,0
13,13.67642149,45.47184821,11,1
13,10.95797324,40.82404655,2,1
13,17.55425059,55.28503854,5,0
13,10.46412708,49.48091897,10,0
13,8.625557589,27.99064328,5,0
13,10.89185526,29.03549285,10,0
13,11.74605602,48.40548488,8,0
13,10.20803695,30.54439109,2,1
14,5.32687112,28.97232187,5,1
14,16.88807013,51.75482178,9,0
14,9.784226853,38.80104888,11,0
14,12.42651754,42.49276171,8,1
14,5.387482574,31.86772046,0,1
14,4.408592628,20.72649578,3,1
14,13.10151635,41.6036,1,1
14,12.80724754,50.10484576,11,0
14,8.377300437,31.46657344,11,1
14,5.054555647,25.69306315,3,1
14,12.74443375,38.41065178,0,1
14,13.49624694,39.6436164,3,0
15,15.60434765,42.02693359,8,1
15,10.73182129,51.3807784,5,0
15,16.36900329,46.00641843,4,0
15,7.828581792,25.31417454,7,1
15,12.1714418,53.21025845,1,1
15,17.70920654,52.60232121,8,1
15,12.27588692,45.2024575,11,1
15,12.8083763,41.17387482,2,0
15,10.03367007,44.22978492,0,0
15,13.90972803,44.40220385,4,0
15,14.20627765,49.72395191,10,0
15,17.58016751,58.04409261,8,1
15,4.041221128,30.4935837,5,1
15,17.89720832,40.43887341,0,1
15,4.268082331,15.27024452,10,1
15,8.36606656,21.1311728,5,0
15,11.67239019,33.35378704,5,1
15,17.50944434,38.21096857,8,1
16,11.0704221,21.44527475,7,1
16,5.940809,22.48398371,2,1
16,9.026622117,32.94686863,8,1
16,15.81281309,49.23019213,3,1
16,12.71145692,36.95374433,1,0
16,15.2445072,48.27072118,3,1
16,4.68051135,27.40720792,10,1
16,5.662964474,32.84239214,6,0
16,5.535890324,31.13029241,9,1
16,15.32742015,46.77465359,11,0
16,14.72555407,51.47092204,5,1
17,15.9982669,52.75178401,9,1
17,7.592338574,32.24556614,8,0
17,5.504224984,27.89214243,9,1
17,6.504763469,30.29883807,3,1
17,13.86034476,40.13442475,4,0
17,12.55680541,44.1900414,5,0
17,12.85250176,42.73822067,7,1
17,9.350570701,41.88531084,5,0
17,6.162260948,35.0652788,0,1
17,4.022313744,32.59971052,6,1
18,13.17078927,53.18264269,10,0
18,4.227476083,33.5971376,10,1
18,10.43317158,46.85062749,6,1
18,10.79771438,36.82745427,5,1
18,9.920569579,42.70186619,2,1
18,8.367101897,30.58407696,8,1
18,15.35022603,56.98748719,7,1
18,13.15741022,47.33648253,5,0
18,6.063172866,36.05869028,1,1
18,17.07923496,48.75376922,9,1
18,11.3125811,29.53949953,10,1
18,17.63387839,53.14486039,2,1
19,11.77645507,42.81842831,10,1
19,6.270770997,29.70290782,1,1
19,11.43950174,43.59492129,4,1
19,13.46482418,45.00494533,1,1
19,6.69139834,29.76362611,11,1
19,7.77783994,37.19081511,6,0
19,16.38348915,49.19243526,0,0
19,17.87589527,44.04429603,2,0
19,16.27931769,57.59390497,8,1
19,11.31182788,30.60884163,9,1
19,7.98629616,29.28384302,7,0
19,11.16091062,33.10580334,11,1
19,15.67780532,47.6251897,10,1
19,14.71857771,48.38647452,2,1
19,8.572966528,37.44486965,8,0
20,9.038523126,31.92344304,5,0
20,4.447182539,31.39319759,6,0
20,6.848490665,31.80887935,1,1
20,14.82970457,50.11781728,5,1
20,6.439325737,33.92357813,4,0
20,6.270603552,26.35505088,9,1
20,7.529663585,23.16032914,9,0
20,11.68299907,40.80789541,4,1
20,12.63458763,36.3911044,5,0
20,7.656874002,32.24114662,11,1
21,12.8793779,49.2850481,1,0
21,9.950300385,37.74621066,5,1
21,17.45825143,50.11407189,10,1
21,4.646314065,18.22816613,5,0
21,12.43595487,32.60318567,3,1
21,6.571222168,28.21158146,10,0
21,5.664235422,43.20372721,9,1
21,12.32322905,42.11927655,2,1
21,6.643184782,39.54040779,1,0
21,16.89286406,51.76820998,6,1
21,4.360376093,16.56107522,6,0
21,5.681968865,22.81329019,2,1
21,7.993275533,36.54303702,10,0
21,16.57683516,56.62010152,3,1
21,4.469104818,26.48473524,4,1
21,4.129897465,25.99257736,7,1
22,8.106653145,30.91980603,6,1
22,13.71584648,35.69799175,10,0
22,14.52304469,36.71870493,0,1
22,6.059309804,9.330640288,11,1
22,10.70831655,30.74238879,3,1
22,4.876684436,34.31832007,2,0
22,16.38973335,54.35431729,4,0
22,7.592168313,35.94828636,7,0
22,15.247516,41.45015804,2,0
22,4.536805452,39.44310355,5,1
22,9.909571334,35.10095742,8,0
22,14.17450285,48.24184697,5,1
22,9.314839497,23.06476332,3,1
23,4.323686736,24.43329185,7,1
23,6.761550341,27.97174872,0,0
23,10.99829638,34.23270973,4,0
23,9.256670119,37.00653579,2,1
23,10.14091374,37.27171055,3,1
23,16.7905753,53.54875006,5,0
23,12.17360111,48.64769993,3,1
23,17.28106667,48.75393363,5,1
23,9.567938445,23.76445608,4,0
23,14.50131155,48.51720497,9,0
23,16.03335677,55.95210501,8,1
23,5.56468732,16.68587538,5,0
23,13.22854606,35.39231303,4,0
23,4.720886557,31.72135016,7,1
23,4.274241682,33.92372454,7,0
23,16.69068052,48.51662266,10,0
24,7.276278468,38.19247182,8,0
24,7.543116544,47.54625311,8,1
24,6.043426357,24.16417418,5,1
24,17.0418604,41.87966418,10,1
24,5.066053814,24.75494325,0,0
24,13.19877341,39.32143021,3,1
24,15.61073405,54.10267128,9,1
24,14.88190112,46.49147974,2,1
24,5.977353085,45.19667035,10,1
24,16.2018555,55.98877864,5,0
24,9.477950637,24.61455927,10,1
24,4.269532698,15.11478996,8,0
25,16.4521604,52.22764682,9,0
25,16.48671611,52.1832893,11,1
25,10.78172111,40.21357994,3,1
25,15.96523967,46.23726011,11,1
25,10.58420937,24.81108361,7,0
25,14.33219984,50.12797118,8,1
25,5.643677837,33.17528487,4,1
25,10.97694633,40.38667848,4,0
25,14.28254385,47.22904339,4,0
25,4.693758409,22.1416523,1,1
25,5.6795578,38.53773835,8,0
25,12.96665069,39.57903644,6,0
25,10.31865597,53.12755733,10,1
25,17.64955515,46.53231209,7,1
25,8.191616512,38.08420785,2,1
26,11.30483002,14.72805385,5,1
26,11.02866366,43.83231135,0,1
26,8.165165686,32.73157818,2,0
26,4.830577012,31.08373984,0,1
26,9.292555785,32.13476067,7,1
26,10.17616282,40.78492326,7,0
26,17.83855549,48.0014728,10,1
26,13.54404831,46.60782175,9,0
26,9.499013427,32.51975636,8,1
26,4.041331131,34.74949485,2,1
26,7.106317206,44.35567465,11,1
26,9.352640819,42.2830122,5,1
26,8.096199319,29.59751008,10,1
26,11.84259838,50.1741091,7,1
26,13.94860391,42.72980483,8,0
26,15.90301415,49.79042895,9,0
27,4.973968776,34.90489559,8,1
27,13.20773743,44.78224357,1,0
27,9.123790932,22.61957775,7,0
27,7.288620545,30.64747436,1,1
27,6.048955762,26.68654798,4,1
27,14.76294288,53.31817348,3,1
27,11.4862671,47.85430819,11,0
27,14.47206731,56.59250185,4,1
27,6.490635359,39.96311208,5,1
27,17.60261544,42.78280095,4,1
27,9.916293766,23.46190495,3,0
27,9.094213039,21.95311153,5,1
28,11.516136,30.70076893,11,1
28,6.825600215,29.68257729,2,1
28,7.917962336,33.5922538,8,0
28,5.590906023,25.77536483,8,0
28,11.75470583,48.67096833,10,0
28,12.01196826,48.95806353,6,1
28,17.64681315,45.2673257,5,1
28,11.46116965,39.48444838,6,1
28,10.58151478,42.56917696,0,0
28,16.74779217,47.12694018,11,0
28,14.76346348,46.52836084,8,0
28,13.11593121,35.88420411,0,0
28,14.41320677,48.06217964,3,0
28,6.306894044,29.54698695,2,0
28,5.372664738,29.85484771,10,1
28,16.59784905,55.43578752,9,1
28,16.63837884,47.02552066,3,1
29,13.77661535,51.81332204,5,0
29,9.676360357,31.31386239,0,1
29,14.38581033,45.94306393,10,1
29,4.347372243,27.45061991,2,1
29,15.71159899,48.76581689,2,1
29,12.40070865,31.2754411,7,0
29,12.64080375,47.35078973,2,1
29,16.6086587,49.33113011,6,1
29,13.71186649,43.68516458,10,1
29,16.63180979,50.13788274,4,0
29,6.179854762,23.00418436,4,1
29,14.29445978,53.20365838,2,0
29,13.42438845,40.75647231,6,0
30,8.806076141,45.34120499,4,1
30,17.63651301,55.30880491,5,1
30,10.37051158,32.84224003,5,0
30,15.98851415,52.00879304,4,0
30,14.31466217,61.53125932,3,0
30,15.17339037,40.88481152,10,0
30,7.874878024,28.54874473,3,1
30,8.818932106,28.31885234,10,0
30,7.712685288,29.3891782,7,1
30,14.32449463,41.61652081,1,0
30,16.53374307,43.66654251,7,0
30,12.41324031,40.4031799,6,0
30,14.02395862,50.888086,4,0
30,12.92663034,39.8236653,11,1
30,14.22759754,57.35332007,5,0
30,16.53504946,52.01488242,10,1
30,9.814810665,28.22764635,5,0
30,4.481279137,17.33048438,7,1
31,14.93706443,45.76120802,10,0
31,10.66034268,45.19478667,6,1
31,15.65675799,48.42686386,4,0
31,14.76939372,52.78956887,5,0
31,17.234003,41.25162265,6,0
31,10.11173903,46.36046305,3,0
31,5.523637711,21.99384431,5,1
31,12.76505242,48.81405863,10,0
31,7.65942793,23.35656788,6,0
31,15.91537267,40.47778812,10,1
31,11.81867017,40.32165037,5,1
31,17.15665834,49.63860472,7,1
31,10.44767688,46.46831964,10,0
32,8.41467641,29.00088396,0,0
32,5.555512745,27.95510168,2,0
32,7.443443017,23.56536921,7,0
32,5.486379492,24.07509659,7,1
32,17.97499417,46.30002044,3,0
32,15.35755266,49.21661989,11,1
32,14.49906199,42.44002212,3,0
32,13.6342125,36.96085724,11,0
32,9.674194722,34.1674842,6,1
32,4.963798339,22.56614417,5,0
32,5.106456647,25.33454601,3,1
32,8.775416593,34.68803899,6,0
32,13.9355384,42.29539062,5,0
33,6.017222301,25.21476323,5,0
33,15.8828469,41.91660301,0,1
33,4.64353268,16.96931122,5,0
33,9.047173695,44.64976792,10,0
33,6.432836045,30.69133751,2,1
33,6.044155535,39.06157181,2,0
33,15.85547954,51.73147511,7,0
33,9.602618688,42.3801819,10,0
33,15.16545764,50.6877596,1,0
33,17.16027949,55.43647681,4,1
33,8.306638163,20.14447956,5,0
33,10.81341094,38.19496158,7,1
33,12.23383654,50.72904039,7,1
33,7.976707582,33.88308631,8,0
33,6.901537329,39.2439303,0,0
33,6.492033954,35.21071284,0,1
33,7.675849386,20.26589936,8,0
34,7.71837476,41.87141658,5,0
34,5.963771694,31.20404073,5,1
34,14.08441486,48.76989471,3,0
34,7.9716613,30.15369614,8,1
34,5.715933669,26.88244404,3,1
34,10.77539766,39.51274611,0,0
34,10.33477349,21.77622417,5,1
34,11.68503225,37.96367261,6,0
34,13.40950819,46.64648488,5,1
34,12.49142575,44.85158674,11,0
34,12.27568975,52.16090126,10,0
34,11.61436997,23.97757083,1,1
35,11.72532955,45.98840303,11,1
35,6.592468415,13.53250335,1,1
35,11.46646637,36.26207624,6,0
35,16.95470605,51.87503366,0,1
35,5.482521936,15.58217008,11,0
35,9.074550185,33.01874544,6,0
35,4.012030119,17.55518178,6,1
35,11.65367967,27.75473987,5,0
35,10.60461749,47.54267716,5,1
35,10.57397618,30.70696823,5,1
35,16.7824179,51.99054141,9,1
35,14.27102323,51.59457794,8,1
36,5.025417439,20.21070279,7,1
36,6.771204429,35.08172151,0,0
36,5.294629743,25.19566686,11,0
36,7.551949546,26.23999109,10,0
36,7.800865841,38.49893653,2,1
36,15.07280233,42.69434399,11,0
36,15.12145146,40.26536404,10,1
36,16.14085812,55.2354758,3,1
36,6.505287052,28.84311022,11,1
36,9.508605268,52.54734047,1,1
36,9.391494247,25.60333496,3,1
36,7.696434805,23.20306292,5,1
36,16.01525417,45.67765992,3,0
36,16.36179711,54.73978751,7,0
36,11.81421115,46.88628898,10,0
36,6.058912146,51.35474961,2,0
36,16.21266867,54.34161713,9,1
36,11.18959102,39.11800144,6,0
37,4.098684227,23.3950203,11,1
37,14.70864552,55.5348659,5,0
37,6.911344132,28.89451707,10,0
37,5.296180838,39.07697146,2,0
37,13.0818087,46.72248839,3,0
37,14.08718094,53.76040796,4,1
37,15.02498014,50.61526015,3,1
37,8.166996766,36.95637174,3,0
37,14.07346653,50.42449877,10,1
37,17.12118446,43.47264868,5,1
37,10.54196898,46.27493156,1,1
37,17.61054658,63.16156658,2,1
37,13.8241187,35.20339092,11,1
37,5.564135642,27.67089009,7,1
37,5.50605004,32.3363284,6,0
37,5.509349208,18.46127519,6,0
38,9.213433505,33.89277512,8,1
38,4.207912836,33.15387405,10,0
38,5.587488249,32.15372531,1,1
38,10.85754546,50.94969216,8,0
38,9.701892958,44.37307408,8,1
38,11.15500157,33.20372486,3,0
38,7.739497303,22.8138913,7,1
38,7.00902425,28.62143958,10,1
38,16.7755392,49.69291188,8,1
38,16.943578,55.64336588,7,0
38,5.284609504,22.08611468,8,1
38,12.43616519,43.60375592,3,0
38,4.938600627,22.43266055,4,1
38,8.969782632,30.01445555,6,0
38,14.97054525,49.16231427,1,0
38,12.89347361,45.01484599,11,0
39,8.770241652,46.15049309,5,1
39,8.030786447,40.19857999,7,1
39,5.262625958,31.98652027,4,0
39,6.831615247,32.07696805,9,1
39,9.870993526,23.60991964,8,0
39,17.89335575,57.9665234,10,1
39,15.97987031,38.02990492,7,0
39,4.965507428,36.56281644,1,1
39,11.76964509,34.20125383,2,0
39,14.40022249,53.00257857,0,0
40,9.557530201,29.29220154,2,0
40,8.233838049,30.98350039,3,1
40,16.51264089,47.77488518,8,1
40,16.61485797,54.54234509,11,1
40,9.701528515,33.69147173,2,0
40,13.17601097,48.59637454,6,0
40,17.3373438,45.95664666,10,0
40,10.31259518,35.47661479,3,1
40,6.159471498,39.54777509,3,0
40,17.1441167,48.13628368,4,1
40,9.220296326,19.3977681,10,0
41,12.56416037,43.25716191,6,1
41,17.63435947,53.74218989,7,0
41,15.80585165,49.24287043,8,0
41,8.09666448,21.41217368,0,0
41,14.94926941,45.80853818,2,0
41,10.71021881,38.90839296,4,0
41,4.943073773,26.0219336,6,1
41,17.28572693,46.12378228,3,0
41,8.365234558,32.45723459,5,1
41,7.052145058,32.7951544,9,0
41,10.66368033,35.6225201,10,0
41,11.39341961,39.37490955,3,0
41,9.260435859,24.67645257,11,0
41,7.38922626,36.74794662,1,0
41,6.994351038,36.70529532,11,0
41,11.1791787,31.31117069,10,0
41,8.018802719,29.21349313,9,1
42,10.22363972,29.33854907,0,0
42,7.196269605,35.7132525,8,1
42,8.973261419,29.72261687,11,0
42,10.95937204,35.04286952,8,0
42,6.574155003,20.30916324,11,0
42,8.703645547,45.52717083,1,0
42,14.10422358,50.77977042,4,0
42,16.3159259,52.39757059,9,0
42,14.57626236,57.2081312,9,1
42,12.99544892,39.03003183,1,0
42,15.75399989,49.61220989,2,1
42,15.75540005,47.58401207,8,1
42,14.16422921,43.45603772,2,0
43,11.62579151,40.52829956,2,0
43,11.30602479,32.78629627,1,1
43,16.45910766,51.34700145,6,0
43,7.422261465,21.4984463,4,1
43,17.59214534,49.05903438,5,0
43,9.714209547,33.4013907,11,0
43,10.03876187,38.52876988,10,1
43,6.454878669,24.46889899,5,1
43,11.89165307,40.03979271,6,0
43,11.61680985,37.56311672,7,1
44,6.919814813,23.6899691,11,1
44,14.13561062,43.55149429,1,1
44,10.82315799,40.20539647,6,1
44,13.77749429,52.1976383,4,0
44,7.624904027,27.03672594,5,0
44,10.42097797,23.76221723,1,0
44,12.58767687,37.00352825,7,0
44,8.463772272,17.90892013,7,1
44,8.226730196,24.98501801,2,0
44,17.1442389,51.43495832,0,1
45,8.581621597,30.1823188,7,0
45,16.35201466,50.32068081,8,1
45,17.51307147,52.78730695,4,0
45,12.68895721,39.51621124,11,0
45,9.25765186,34.67880541,5,1
45,6.309478861,24.48906745,11,0
45,17.17709902,54.85650798,0,1
45,10.65417377,30.50847158,10,1
45,4.836523446,24.61458129,8,1
45,17.2401667,52.36231775,5,1
46,17.21771825,53.63683793,0,1
46,13.24168044,38.77927446,2,1
46,12.28190264,44.80361379,5,1
46,7.576451366,24.94965542,11,1
46,6.013436504,15.60027991,7,1
46,13.64546847,38.68331827,9,0
46,17.94955171,51.47186277,1,0
46,9.343723022,42.14569429,4,0
46,15.90556708,55.67649168,10,1
46,4.583783089,23.95161159,9,1
46,7.116533344,39.57695523,11,1
46,10.46335329,37.0866271,10,1
46,6.547922044,17.37759598,10,1
46,6.885838191,32.27306117,4,0
46,13.88266408,40.12604292,1,0
46,12.4375726,32.6060674,4,0
46,11.94828631,42.14114738,2,0
46,11.34397817,28.91553595,1,0
46,14.85159081,50.02387825,11,1
47,4.440199317,24.68766567,10,0
47,11.33386403,29.66109469,0,1
47,16.90127001,61.17299171,3,1
47,13.48842242,31.95178143,9,1
47,5.257335524,40.146637,6,0
47,6.864197269,37.70868509,4,1
47,12.71984269,47.39380315,1,1
47,11.9674835,50.17408196,6,0
47,14.99412647,50.30077726,11,1
47,16.2465359,41.45846102,7,1
47,10.9753341,38.27330932,11,0
47,8.895100414,22.47451578,2,0
47,11.88272693,34.66764971,1,0
47,13.35175838,57.14164995,2,0
47,10.31183877,40.29626145,4,0
48,14.80594965,33.94647525,8,1
48,8.20195922,37.83415208,11,1
48,11.00822497,27.1414269,7,1
48,9.26621272,23.00224842,1,1
48,6.389541995,28.12106988,3,0
48,10.83305516,43.01946041,9,1
48,15.29463354,45.2211966,9,0
48,17.82381688,52.16509534,11,0
48,16.85099223,35.04648474,3,0
48,13.18367389,39.7483037,7,1
48,15.10229284,39.7098756,4,0
48,12.04240115,40.37984509,8,0
49,16.14945115,47.6806176,5,0
49,4.847893187,37.89835639,7,1
49,9.948087702,29.05772672,2,0
49,11.52365753,48.07315898,4,1
49,17.19661449,52.12483102,10,1
49,4.412741028,34.86121712,4,1
49,15.58691769,48.30496456,10,0
49,15.3186616,46.55281253,5,0
49,16.62985047,47.52173319,4,0
49,5.61685943,15.52669784,5,1
49,10.69581715,19.77420033,5,1
50,12.30823138,50.00009074,8,0
50,5.17119318,34.66313075,7,0
50,4.970152531,30.0974741,2,0
50,13.05700714,51.86264165,5,0
50,15.8804536,49.46753799,4,0
50,12.42337706,48.45823478,1,0
50,16.76823841,52.50297774,11,1
50,4.680077507,36.26056264,1,1
50,13.74230318,44.35654161,7,1
50,5.594746423,29.91288511,11,1
50,11.04757381,44.54032477,10,1
50,6.943503936,23.80936722,2,1
50,17.09241537,47.28243306,0,0
50,7.68790463,21.46488073,10,1
50,7.047012944,43.21806924,0,1
50,9.927837538,49.35978927,4,0
50,12.20380404,44.88451956,10,1
50,11.84304566,43.92228699,11,1
51,4.301408305,35.44950532,5,1
51,6.657762013,37.10526836,10,1
51,14.14930938,35.02482502,8,1
51,11.92179552,35.04425556,0,1
51,5.84277716,36.75945178,3,1
51,13.76432896,52.41025068,4,1
51,14.4965407,39.7879434,0,0
51,14.94908875,43.78210113,3,1
51,16.44691152,47.68254821,2,0
51,4.537271042,11.26117483,11,1
51,9.708871736,34.19853691,4,0
51,16.24976106,46.77935004,4,0
51,13.61418727,43.12090291,9,1
51,12.80597077,44.63702601,6,1
51,8.920091499,33.57880186,10,0
51,15.61871303,37.85910534,2,1
51,13.48031407,51.60651601,7,0
52,4.227324989,33.29706503,7,0
52,15.97227879,55.81611788,4,0
52,5.382506438,17.80434594,6,1
52,12.32117206,35.17043034,3,0
52,7.395243306,29.73065194,4,0
52,11.20057687,31.05905765,6,0
52,11.67245734,46.87660511,6,0
52,14.71450857,55.63197215,9,0
52,17.93453459,53.99739271,3,1
52,14.15618384,45.64351051,0,0
52,11.49903766,52.98782415,1,1
52,14.62819701,50.39879384,11,1
52,13.52119224,45.69816262,7,1
52,15.27756238,38.91786282,5,0
53,4.257277481,29.60943407,9,1
53,15.61201582,43.40998033,4,0
53,16.03021559,56.7970491,3,1
53,12.61198137,39.45481175,10,1
53,11.5114671,38.68049583,7,1
53,8.075375205,38.23555995,4,1
53,7.779711109,35.19349359,11,1
53,16.99056569,48.4651005,10,1
53,10.56310518,34.35038638,10,1
53,10.13945188,46.02740797,6,1
53,16.4785816,54.18805432,8,1
54,16.20170123,57.4219429,9,1
54,11.48509189,48.64527494,9,1
54,15.63580715,48.83462481,0,1
54,5.184326356,33.64808425,7,1
54,8.374604481,30.36091516,0,1
54,14.79637859,55.28590309,3,1
54,17.64066637,49.34825165,9,0
54,13.88666682,42.21681997,10,1
54,6.738490782,27.90477016,8,1
54,4.363160034,23.00146892,10,0
55,15.84510344,44.05775341,1,1
55,8.921625588,21.34472899,3,0
55,4.700512363,24.6721015,10,1
55,4.51397691,37.6199837,10,0
55,6.945795446,23.50513926,9,0
55,9.154458116,35.29340833,2,1
55,6.8168986,27.06341626,0,0
55,6.042284422,23.25574719,3,1
55,13.66234453,36.0125434,0,1
55,16.60359957,48.66642667,0,1
55,10.96160255,30.89598965,5,0
55,14.59491208,47.44139349,4,1
55,16.90338963,45.34710667,0,0
55,10.50689562,41.17572896,4,0
55,15.35453247,46.10053877,8,0
55,5.647455102,29.12554174,0,0
55,17.80094558,59.75599931,6,0
55,10.41760624,32.54305429,11,0
56,17.48258416,55.34708901,0,1
56,16.95052356,46.37134327,9,0
56,12.59725517,36.93058784,0,0
56,5.520137826,33.45719966,0,1
56,17.85489334,55.20562353,8,0
56,16.86840851,58.08972164,7,1
56,15.55288588,40.98759626,0,1
56,10.15536946,43.06949339,4,0
56,4.130359771,26.98312652,1,1
56,10.53567509,47.45579789,5,1
56,7.313632618,37.67686048,7,1
56,9.610335068,20.72803126,0,1
56,12.20904909,54.18017498,10,1
56,8.801319489,49.09268097,0,0
56,9.489907352,36.70312882,4,1
56,5.824947797,19.79731287,7,1
57,15.10657708,51.32442254,11,0
57,12.46777965,43.67806915,9,0
57,17.1933924,52.79223718,4,1
57,13.48387582,44.08258341,9,1
57,11.25147361,47.66410116,10,0
57,10.62108627,53.7460536,11,1
57,17.4564942,47.65094131,5,1
57,14.38351028,44.2566378,2,1
57,15.66248652,49.28046763,4,0
57,16.841492,53.04303193,6,1
57,16.91010562,47.91352375,10,0
57,4.052431244,6.559236969,9,0
57,4.198844937,25.80682194,2,0
57,12.08729918,52.55283029,7,0
57,10.59139901,23.59189952,5,1
57,7.313483113,52.42786841,6,1
58,9.374931133,26.92475229,4,0
58,4.5237186,19.13530038,9,1
58,13.85323937,63.71636384,1,0
58,5.041010869,29.83500949,8,1
58,4.595422476,25.92664379,5,0
58,5.410690551,34.11215247,11,0
58,6.482478995,30.34721515,7,1
58,10.18450589,41.41054263,8,0
58,5.007346441,22.11330837,7,0
58,16.98290604,58.91884696,4,1
58,17.30934133,52.673778,7,0
59,13.15032015,37.34544865,1,0
59,16.16504539,53.08229573,1,0
59,11.49619102,36.58075234,11,1
59,14.54281878,45.00518547,0,1
59,5.287481015,32.59604217,1,0
59,11.40331863,33.84208015,7,0
59,10.12529991,37.48964368,11,1
59,6.493096786,28.33626646,9,0
59,14.89516469,41.19814717,10,0
59,9.409394514,41.15414609,5,1
59,12.41160533,46.12866386,11,1
59,17.30956626,55.57368292,3,1
59,9.920795914,27.27348173,8,1
59,11.54343493,63.33765892,8,1
59,10.22489827,34.07594993,9,1
59,12.75285971,36.63981176,3,0
59,8.460910056,30.02292009,9,1
59,5.440028891,32.91982583,3,0
60,15.26329477,43.195557,1,0
60,13.52616742,30.18111639,7,0
60,9.570459003,34.45780164,1,0
60,14.63320435,59.26288595,11,0
60,15.82727108,45.31320149,7,1
60,12.71605465,48.70399324,5,0
60,17.43028863,47.12093857,10,0
60,11.94172618,41.96501496,8,0
60,8.085807503,24.13912379,1,0
60,4.373428005,33.0095462,11,1
60,7.201065394,31.5918066,3,0
60,14.53732308,46.93509776,4,1
60,10.31210605,38.86396694,9,1
60,15.17000811,49.13600646,8,0
60,17.43287163,45.13691366,10,1
61,14.34768022,36.67219183,11,1
61,10.54883622,39.91749106,3,1
61,12.3634722,39.42631613,11,1
61,4.174996616,34.33843801,4,0
61,7.380021743,25.48542247,11,0
61,14.58174892,37.55342907,1,0
61,10.88609379,31.06107675,5,1
61,16.15886515,38.40208247,11,1
61,17.64563139,51.27812942,5,1
61,5.727680211,33.92887228,0,1
61,9.632368208,26.19277851,5,0
61,4.706442505,32.43143831,4,1
61,15.99264799,44.90608988,5,1
61,11.73494658,48.28104694,9,1
61,12.86265491,33.978783,9,1
61,14.68101744,44.09568038,8,0
62,7.201753198,32.56922708,10,0
62,12.62132125,40.92382347,4,0
62,7.301359973,25.47411953,2,1
62,5.554777585,29.65537273,8,1
62,9.343816358,37.93911614,9,1
62,12.06288261,54.4250259,8,1
62,13.73770933,46.96386839,6,0
62,12.84397062,58.15307467,5,0
62,13.09486699,39.79491113,3,0
62,8.402008758,25.13883352,4,1
62,17.33757441,42.16225296,1,0
62,5.626863373,30.9753232,5,1
62,14.24569629,44.99915517,3,0
62,11.18178254,45.21739488,9,1
62,12.74017384,58.41365883,2,0
62,4.755854232,21.83060472,9,1
62,9.441647331,35.9606108,5,1
62,4.195070218,45.60092518,2,0
63,9.355736528,27.88870458,4,0
63,5.377687413,26.43706368,4,1
63,5.304136282,31.51812093,0,0
63,9.033596258,24.69346899,4,1
63,17.46741851,56.91699141,7,0
63,16.40593844,45.00439731,3,1
63,17.11220619,55.4323214,1,0
63,6.019473287,40.16166698,1,1
63,12.45516723,48.41479002,8,0
63,7.989015888,19.59544618,8,0
63,17.41317607,53.87210836,8,1
63,8.996959819,26.30910966,11,0
63,4.80283855,34.86074798,4,1
63,13.9033672,44.75216838,3,1
63,14.2334206,35.50962143,7,0
64,10.87399119,31.81304604,8,1
64,14.33952784,52.56544325,11,1
64,9.397086253,28.10747219,0,0
64,5.145737235,20.20345148,4,0
64,4.153972426,30.42590683,7,0
64,16.30961419,52.4570049,9,1
64,8.506097564,39.57718749,2,1
64,9.06190047,27.76484197,1,0
64,5.348452371,15.92946541,7,1
64,8.136620322,34.82488485,2,0
64,11.83122226,41.1775063,9,1
64,7.358899339,7.452346742,7,0
64,15.14594503,52.04239263,4,1
64,12.36399701,49.55870445,5,0
64,17.88797182,55.88023805,4,0
64,4.670802118,25.52808028,3,1
64,10.30368763,48.56961258,8,1
64,15.76192819,49.90454631,11,1
64,16.34858336,58.40623472,10,1
65,15.64061013,51.60485278,9,0
65,15.40898802,51.65079126,9,0
65,17.49927093,52.27507806,2,0
65,13.86689271,54.4758634,10,1
65,8.354509684,38.64244531,7,0
65,14.4091935,44.58236911,5,1
65,9.09471727,25.31931641,10,1
65,6.28734946,26.2762988,7,1
65,7.648406361,37.13329009,4,0
65,13.67088783,48.74621941,7,1
65,14.26677583,48.90697499,1,0
65,5.131187858,31.08382786,3,1
66,17.1372155,53.08907019,11,1
66,11.03663273,44.32940174,4,0
66,10.40733389,42.61727964,11,1
66,17.04473961,45.35694207,10,0
66,16.5049439,51.06469825,9,1
66,5.946757308,28.92244539,0,1
66,12.60831407,45.51273783,9,1
66,11.19861955,36.66043717,4,1
66,14.35927331,56.13373975,9,0
66,14.74237748,39.25655428,1,0
66,13.41385599,39.52073545,4,1
66,15.17292556,47.48664323,1,0
67,4.051409092,34.98923635,11,1
67,4.916148936,37.46038704,6,0
67,13.51450943,47.45641254,6,0
67,9.381501431,44.69061751,10,0
67,9.027416446,19.54386636,1,0
67,10.76898898,28.15432352,9,1
67,11.56011301,32.74037784,4,1
67,7.083211592,27.55762825,4,0
67,6.142435712,32.75313452,8,0
67,15.54701779,35.3122448,1,0
67,10.71267636,41.31444918,8,1
67,4.222904113,16.67836008,8,1
67,8.023658696,35.2441033,10,0
67,8.921831762,31.20685735,4,0
67,12.74181931,53.44284271,5,1
67,4.81082673,13.63121317,8,1
68,7.979168513,25.2159856,9,0
68,14.91288713,43.2727104,7,0
68,14.78940262,44.96251674,9,0
68,9.024706928,24.40000075,8,1
68,10.34741761,37.59451429,11,0
68,14.64542962,48.76563805,11,0
68,7.901518625,15.24411473,1,1
68,4.297424372,52.92440097,8,0
68,13.61714587,51.63056004,10,1
68,4.641421903,21.52892924,3,1
68,16.27159014,47.86837851,2,1
68,11.5141753,38.75808004,10,1
68,4.123266789,27.8185478,6,0
68,6.097912406,25.50440259,10,1
68,13.18166674,40.96704048,4,1
69,17.08156204,54.85040799,9,1
69,8.009269057,32.45228676,8,1
69,5.354414239,19.75633923,8,1
69,12.7369169,46.47075211,6,0
69,5.080612388,27.52104605,10,1
69,11.79165738,27.52741621,7,0
69,11.96908773,31.45816938,6,1
69,12.56282774,44.92840336,6,0
69,7.311220563,33.92848128,9,0
69,7.461500429,16.87521624,1,1
70,6.190815491,16.77406887,3,1
70,9.630734226,24.23056189,2,0
70,8.772804237,45.214812,0,1
70,4.763389393,24.9774265,0,0
70,15.72219197,54.26542982,4,1
70,7.632678725,25.36548129,10,0
70,13.29723802,44.11446075,10,0
70,7.482004465,30.05500723,5,1
70,8.451150978,35.39528684,2,1
70,11.67423094,36.5170363,11,0
70,6.346465114,30.25400109,3,1
70,13.49743829,43.51211344,4,0
70,14.14708854,49.45650422,1,1
70,8.098018289,31.42050104,9,0
70,11.6876555,34.66032209,2,1
70,4.720226172,22.52290821,6,1
70,15.16709735,43.45694159,6,1
70,11.2920309,39.02873964,7,1
71,17.04497685,45.16574329,5,0
71,4.471450047,38.55453005,9,1
71,13.64258241,34.40160354,9,1
71,8.290009302,33.24338442,0,1
71,16.17988384,39.2117936,3,0
71,17.51888296,52.0836146,4,1
71,10.74045303,40.94750171,7,0
71,10.40154707,47.01584199,7,0
71,11.71681592,39.42863501,1,1
71,14.56342841,50.387187,4,0
71,15.33067257,48.80993218,1,0
71,8.595719155,26.51747215,10,0
71,7.379130004,23.35702043,1,1
71,10.1699483,33.20788346,4,1
71,7.626745178,26.49066833,10,0
71,13.56533555,38.74341401,4,0
71,14.2135554,53.76868327,11,1
71,4.032143614,25.88324889,9,0
72,17.1203026,45.94149559,7,1
72,16.18847853,53.24237467,4,1
72,14.33469332,44.25378457,8,1
72,10.47861219,43.13043161,4,1
72,9.109407621,38.8818091,11,1
72,14.15849258,53.93634885,2,0
72,15.19980178,51.83523588,10,0
72,11.70378725,39.35993648,7,1
72,9.422130751,36.38672698,9,1
72,4.46075311,40.96345257,3,1
72,13.25257442,44.8761367,8,0
72,9.310358084,14.30243029,2,0
72,15.56850694,49.79613375,7,0
72,14.83848744,50.38683625,7,0
73,5.247684323,28.29756058,5,0
73,11.09476661,34.55681566,11,1
73,16.59630458,40.89153892,7,1
73,13.6751528,44.55509613,5,0
73,16.86383341,59.52677059,7,1
73,14.72143383,41.77485659,0,0
73,11.52841604,42.64383014,11,1
73,11.35112923,34.99529967,2,1
73,16.69919134,48.32698423,10,0
73,14.99367815,51.18096655,7,0
73,7.364945029,27.9327819,4,1
73,8.496271326,31.3953502,2,1
73,8.741026518,22.75873218,2,0
73,5.526926438,22.82723916,6,0
73,8.781410404,30.57533302,3,0
73,10.10028246,35.26815875,7,0
73,7.918326858,17.1832378,11,1
74,10.81635456,36.58470749,3,1
74,17.01160436,47.77816722,1,0
74,6.260103738,28.6381377,7,0
74,13.57487924,40.03213567,6,1
74,7.757468341,19.84786221,3,0
74,4.709463214,34.65540001,5,0
74,6.264763452,30.24155042,11,1
74,4.843225458,29.29666001,8,0
74,7.941395419,18.1375571,10,0
74,8.329423076,34.97437916,3,1
75,16.65257888,45.86629249,2,1
75,16.21806837,52.88756016,2,0
75,4.717546572,29.84857717,2,1
75,6.273767843,43.81550546,4,1
75,16.66408852,55.06008356,8,1
75,6.760328804,31.50969698,6,1
75,12.90112309,28.275874,4,0
75,9.1162207,24.61421804,7,0
75,14.76487358,43.22991406,0,1
75,9.29185953,32.68270171,8,1
75,5.114535996,35.59560043,0,0
75,16.12568937,61.66732425,4,1
76,16.12012066,44.04424191,3,1
76,5.816306337,33.01146667,8,0
76,16.16255932,51.01938495,1,1
76,6.63881943,33.68363826,9,0
76,7.341116158,34.60434153,5,1
76,12.47447195,41.82452545,9,0
76,13.65453336,44.11184866,11,1
76,13.26103182,50.15026003,8,1
76,8.69699635,31.76165094,0,0
76,13.02700311,44.68884741,9,1
76,17.23344762,41.89702433,9,0
76,4.555883483,40.58662466,4,1
76,11.75382048,24.47032452,10,1
76,7.476392243,38.69472938,3,0
76,4.524625838,37.44352199,7,0
76,8.451867465,33.82011601,2,0
76,10.19270942,45.00299248,10,0
76,16.80964259,57.34786868,8,0
76,6.576613124,41.19459273,10,1
77,13.14523498,47.4037539,6,1
77,13.17387896,43.47889508,9,0
77,7.784214996,24.50375584,11,0
77,5.598377616,31.77223037,5,0
77,13.34050036,35.14538157,7,1
77,15.76449293,46.97782353,7,1
77,9.445439135,32.52469528,1,1
77,13.00857545,44.62752844,10,1
77,17.98086087,44.05698591,0,0
77,6.2856591,15.8401879,4,1
77,12.55126597,49.10959451,11,0
77,7.632195933,22.46947199,6,1
77,16.2607146,50.40888166,7,0
77,15.54602796,44.81216315,10,1
77,12.24757672,37.66051546,10,0
77,16.97094868,44.34571888,10,1
77,4.00066436,31.28445332,6,1
78,10.42213074,45.61158476,4,1
78,4.695319835,25.97281125,9,0
78,14.0735877,49.61394348,3,0
78,9.448317223,29.43336956,3,1
78,5.67080275,12.74701216,11,1
78,16.98247569,45.23538167,8,0
78,8.429639466,34.57980239,9,1
78,14.34195578,53.46875864,2,0
78,16.54170503,50.72519498,9,1
78,6.268350423,17.45604494,3,1
78,7.206070507,27.73174607,6,0
78,9.068365348,35.82640551,7,0
78,5.396550571,37.17055259,3,0
78,14.27151124,52.60738842,2,1
78,14.52574924,50.75709886,4,1
78,4.589492034,35.1341926,3,1
78,15.24161196,48.91158555,5,1
78,13.07082792,45.63979425,10,0
79,17.91055857,46.02977383,9,0
79,16.92671281,51.01366748,1,1
79,14.90815755,48.45358987,3,1
79,6.466914659,23.32434345,7,1
79,4.419064528,39.3248689,2,1
79,11.64696065,42.09452306,11,1
79,11.53820008,40.52811473,6,0
79,11.3116273,19.69682102,10,1
79,9.277778459,21.77427381,9,0
79,5.236352309,28.18763249,7,0
79,16.02598915,43.26682138,3,1
79,6.772547342,43.61041853,10,0
79,15.45621374,56.67893093,9,0
79,6.610599007,25.08321225,3,0
79,7.7215984,39.12808229,7,0
79,12.99628378,35.1561552,5,1
79,5.171203914,45.93191751,6,0
79,14.47139237,54.78347309,10,1
79,5.341065194,43.98469731,8,1
80,16.10109105,54.14418556,6,0
80,9.447585016,32.17280809,9,1
80,6.134239022,44.23182993,1,1
80,10.3228437,37.17762296,11,1
80,8.725903776,26.50724623,5,0
80,10.09256087,35.60858181,2,0
80,13.9555762,46.69866996,9,0
80,13.46749928,43.20024567,8,1
80,14.04853439,47.18737064,6,1
80,14.77975186,52.50419094,4,0
80,6.192926362,25.44343064,9,0
80,8.304354123,33.35295844,4,0
81,14.70250298,42.32516535,8,0
81,7.854620352,11.69186548,5,1
81,5.886389662,33.81453006,11,1
81,11.98415763,56.18018216,0,0
81,17.98563095,41.22723252,5,1
81,17.80101633,43.58619776,7,0
81,16.74099282,52.73927801,1,1
81,16.35814616,53.79980731,5,0
81,4.339512402,24.91204845,5,0
81,6.019650921,45.27960373,0,0
81,16.73661125,43.08447064,4,1
81,6.068077087,41.37353113,9,1
82,14.29090337,47.14751954,2,1
82,16.50816665,56.71843046,10,1
82,15.63749169,48.23798361,7,0
82,13.94642122,53.12385224,4,1
82,4.88571262,34.04693117,3,0
82,4.357559471,27.68730674,11,0
82,16.47255269,53.39527538,0,1
82,8.438418671,19.46423814,8,0
82,12.4735504,55.21241695,4,1
82,13.59494743,38.04831072,6,1
82,8.390493136,29.34560968,1,1
82,12.07591123,49.52856265,0,0
82,9.297410566,32.65719068,3,0
83,12.64056708,37.91351695,7,1
83,17.30636538,54.96110154,7,0
83,8.1920754,32.74958082,8,1
83,14.56196317,37.68945572,5,0
83,4.536289036,17.79881091,1,1
83,9.169913738,47.81580202,9,0
83,10.41474453,37.9592465,5,1
83,8.410913034,30.85174206,9,1
83,12.6368023,53.06486675,3,1
83,17.23283619,45.00610345,1,0
83,16.73158725,52.44843643,0,1
83,5.655528267,33.75360071,11,1
83,12.55780827,39.74716034,9,1
83,16.46433383,53.77242551,2,0
83,6.185577486,25.67906678,7,0
83,9.684800703,32.23845907,0,0
84,13.7520284,42.61401302,9,0
84,12.51762844,51.66056533,10,0
84,5.123567991,14.36250227,5,0
84,6.092387297,40.95938122,2,0
84,15.32391814,43.38145516,9,1
84,5.774366317,30.824836,1,0
84,11.13487151,48.23031928,2,0
84,8.206588711,30.06967531,10,1
84,12.27447708,38.06257878,5,1
84,10.91548243,40.68909962,9,0
84,12.6285024,55.05157334,9,1
84,9.489457491,37.92415976,10,1
84,14.91106297,44.0391017,4,0
84,13.27081916,37.84796425,8,0
84,9.261598582,22.59406848,7,1
84,11.03815132,34.61496316,7,1
84,4.181883124,32.61100973,2,0
84,17.01822819,51.16506187,0,1
85,11.20118532,44.92469689,6,0
85,10.92638302,44.94980389,1,1
85,5.871726127,29.9131102,7,0
85,16.70052223,55.10903842,7,0
85,11.27133757,42.36661839,6,0
85,12.05296835,52.27020301,5,1
85,7.945628878,15.32089788,5,1
85,4.327384021,23.20228996,9,1
85,7.826121747,27.28995434,1,0
85,11.98471366,42.20719837,4,0
85,6.998044874,32.29947415,5,0
85,9.78671848,48.95825267,7,0
86,11.7358613,47.65221716,10,1
86,8.695385977,29.44092551,10,1
86,12.74549287,44.04177149,2,0
86,13.45144251,47.76850537,10,1
86,6.794698567,35.19970969,7,1
86,9.848928782,32.8860859,0,1
86,4.145532022,24.76064836,4,0
86,15.06306676,43.1475174,10,0
86,12.10874406,41.92544682,0,1
86,6.779693861,54.27027465,6,0
86,5.922670334,34.20534349,3,0
86,5.316203493,6.329317487,4,0
86,16.16955603,49.05574358,5,1
86,13.78944804,46.66965006,1,1
86,7.454358887,29.64453998,4,1
86,5.983807505,32.70789134,10,0
87,8.507306107,30.78653746,9,1
87,5.972535702,23.86180632,4,0
87,12.52344312,44.88358309,1,1
87,7.197322924,30.55018387,11,0
87,4.616126972,27.44580133,7,0
87,12.01490653,43.3903482,7,0
87,10.01220698,41.30105358,10,1
87,7.339621172,24.14082485,10,0
87,15.53442945,50.21344067,8,1
87,11.44673602,40.13797482,3,0
88,8.588515477,30.32856711,3,0
88,8.315747536,54.40720944,3,1
88,5.519528061,27.87936865,3,1
88,4.049503227,24.98414869,0,0
88,12.92035317,48.47478007,6,1
88,15.16808632,44.00560698,11,1
88,12.22791894,43.66292434,7,0
88,11.49440698,33.07723493,2,1
88,12.33257091,38.95184397,8,0
88,12.09977294,57.28736118,11,1
88,4.994902086,37.68506039,4,1
88,11.98338666,40.17281043,7,1
88,4.096319056,23.29661936,9,0
88,15.90738623,44.81131356,3,1
88,14.62427282,53.77588955,10,1
88,6.16406455,32.99303402,7,1
88,14.46187287,47.41142309,8,0
88,13.82093138,38.29317049,7,0
89,15.51849842,51.15358036,9,0
89,15.96962589,37.22674015,8,1
89,9.412639273,36.77435802,8,1
89,14.84636027,45.62629366,8,1
89,10.07924909,36.50697696,7,0
89,8.868604277,18.19252163,11,0
89,16.9473327,52.91326305,0,0
89,14.29433173,47.55250581,4,1
89,9.198822164,42.11857713,1,1
89,17.5169835,52.18482149,9,0
89,4.253565506,27.1193036,8,1
89,6.538565946,29.50371969,11,0
89,8.37633452,26.33152472,11,0
89,4.306934561,33.13836576,10,0
89,12.67648466,41.36107578,11,1
89,4.372956707,23.68561423,5,0
89,8.836233474,38.07139416,10,1
89,15.99102815,46.50696225,11,0
90,13.90976195,34.45937417,3,0
90,14.82413382,59.72026232,4,1
90,11.67983949,46.25920009,3,1
90,17.57075722,54.27186702,9,1
90,16.42335112,56.38890953,9,1
90,11.0164939,32.64339936,11,0
90,17.12358153,44.05603915,0,1
90,5.658458777,42.52638989,7,0
90,5.632329793,16.34244199,2,1
90,15.38639313,45.37146024,11,0
90,15.21577703,57.43463493,11,0
90,9.679226549,36.18205954,4,0
90,14.97393589,50.42471232,4,0
90,16.94615716,50.68917034,3,1
90,15.99641018,45.15113762,7,1
90,9.084143632,39.78165045,7,1
90,7.994349604,25.59123866,7,0
90,8.85963303,26.82985843,5,0
91,7.570083733,35.83280072,10,0
91,4.359969492,21.6842455,9,1
91,15.9721804,48.73844962,4,0
91,11.30680411,48.27121515,0,1
91,16.40498738,47.73520186,9,0
91,7.450562858,47.5124862,1,1
91,4.002265939,13.79289421,5,1
91,11.20058465,47.70566324,9,1
91,4.048732545,31.80477389,8,1
91,16.62998376,42.05324526,2,0
91,13.55848879,45.13393168,5,1
91,17.84717145,44.50672921,6,1
91,12.08915294,38.58403168,8,0
91,10.58466102,39.20603323,0,0
92,10.33469848,25.21881202,9,1
92,17.34027341,46.18474791,2,0
92,12.87402962,50.13992667,7,1
92,16.3247138,45.6065015,5,1
92,8.959125289,39.01393912,5,0
92,16.72305892,42.59019975,1,0
92,9.921917325,34.96188231,10,0
92,11.15645866,33.77219029,1,1
92,6.027252915,38.91799897,5,0
92,15.30233668,56.12441536,1,0
93,17.63066999,53.77628282,6,0
93,13.41964956,42.54771189,3,0
93,6.248822184,41.09485025,9,0
93,9.928652824,29.81962789,7,0
93,17.5826906,56.07480676,7,0
93,9.020803089,43.35402102,4,1
93,16.19448124,49.11308264,11,1
93,10.35396281,42.93533177,0,1
93,4.328221971,23.04377857,4,1
93,16.2170745,53.1180445,9,0
93,8.203993559,39.17779712,8,1
93,5.425739276,23.39533595,2,0
93,14.70542214,53.14578802,6,1
93,9.215857811,41.11725602,10,0
93,9.514106012,24.50474928,4,1
93,6.889039169,32.11658335,10,1
93,7.262604565,29.97012458,11,0
93,4.954051469,12.16571536,11,1
93,4.318782004,25.28894849,7,1
94,9.101043121,35.88679199,3,1
94,4.840081733,30.73948869,6,1
94,6.794629901,28.19117531,10,0
94,5.495175105,36.85555228,1,1
94,15.71351648,45.30956806,10,0
94,5.810818952,37.28356059,1,1
94,11.59326266,44.41823352,7,1
94,9.747994319,27.73595215,4,1
94,14.3404859,50.25199467,2,0
94,5.517612393,27.78419805,5,0
94,8.257387948,24.26437452,3,0
94,14.24295344,40.03173624,11,1
94,8.777831317,32.99900486,8,0
94,5.107296617,32.08058862,10,0
95,11.20825014,31.96476017,6,1
95,8.274639002,18.10892772,5,1
95,11.46512422,40.75231872,10,1
95,15.06217609,57.84672793,4,1
95,17.30355074,50.29596021,11,1
95,7.795785222,24.37110871,8,0
95,5.159513681,32.34884483,2,1
95,16.42526337,48.94159866,9,1
95,7.965857222,37.30001334,2,1
95,14.0590537,52.20768693,3,1
95,17.12728135,47.00246467,11,0
95,14.69054415,45.35192664,5,1
96,13.51378129,43.07146169,4,0
96,4.600404516,25.22353406,3,1
96,12.21062545,40.2524318,10,0
96,8.949445339,44.55024299,6,1
96,5.588122989,22.63190707,7,0
96,17.16622501,38.83632922,8,1
96,17.61991815,58.69394505,6,1
96,4.291633715,39.91758909,0,0
96,8.771872031,30.10791879,11,0
96,17.49521057,50.8666664,7,1
96,10.06822046,50.59925157,1,1
96,10.08543425,34.23136508,5,0
96,10.02998403,34.17485684,6,1
97,10.40823631,33.52754791,2,0
97,5.576092937,20.75590004,1,0
97,9.389912236,29.57597535,4,1
97,16.33969707,48.61658094,5,1
97,11.88677578,38.6159072,11,0
97,17.2376969,48.26058134,9,0
97,5.833776826,27.09888885,7,1
97,4.918594688,25.8880756,7,1
97,6.103682748,11.61322849,5,1
97,14.83012828,44.18934846,4,1
97,16.41767167,50.92280107,4,0
97,4.451202451,38.05111405,7,0
97,14.98454031,50.53516598,2,0
97,4.482557141,16.81680542,10,1
97,4.588070011,20.07627809,0,1
97,12.20474244,51.02784545,10,0
97,5.382848765,18.7394833,3,0
98,6.936675126,44.31395797,0,0
98,14.56867803,46.25277009,4,1
98,12.90377188,33.40118272,2,0
98,15.64621134,47.22348574,0,1
98,6.191067529,31.28242053,7,1
98,7.323508219,23.6208128,6,1
98,12.81714695,49.21913624,7,0
98,16.7711941,55.7003373,3,1
98,11.133989,35.98730491,11,1
98,15.6247533,46.54750285,8,0
98,8.631614089,39.24084163,9,1
98,6.791279167,2.407727584,0,1
98,7.437600166,37.56682083,5,1
99,4.674554137,33.94471663,10,1
99,12.56530631,40.92444821,3,1
99,14.64838872,48.75694658,8,1
99,15.46026739,53.03084523,7,1
99,6.131269648,25.37719869,6,1
99,11.03078081,22.15809618,1,1
99,11.14186782,29.58791738,10,1
99,16.61737817,39.68858116,10,1
99,16.81963394,52.76425908,7,0
99,14.62824242,48.1983848,10,0
99,12.45189899,40.67344405,8,0
99,7.623554251,42.1351594,11,1
99,9.974696387,43.91405744,10,0
99,14.65098513,44.8331551,11,0
99,10.58229737,38.423016,9,1
99,16.95783977,54.57520049,8,0
99,15.34405392,42.69834292,9,1
99,5.210211211,26.57989764,9,0
99,9.714330657,52.2272883,2,0
100,11.54421382,46.61568621,11,1
100,10.8066789,37.13656715,0,0
100,4.982159264,42.30998341,4,0
100,7.160061534,26.85795379,6,0
100,14.85712893,51.78149461,8,1
100,7.242166235,36.41234892,9,1
100,12.41751025,50.71160652,7,1
100,14.4481846,58.21478981,10,0
100,11.57173472,37.65337087,8,0
100,17.99127969,47.34287693,0,1
100,14.26029517,50.81954491,9,1
101,4.011419805,27.44724494,8,1
101,7.42409264,31.03434166,9,1
101,5.753785355,18.8758651,11,0
101,7.390780144,21.71397964,7,1
101,12.15931976,39.36944693,8,1
101,9.764585869,20.75254028,1,0
101,5.257031607,19.29891506,6,0
101,12.99360447,39.84061364,1,1
101,5.066886792,26.88380797,5,0
101,5.706733406,28.86470569,1,0
102,12.0650912,45.64109924,3,0
102,5.598734012,12.53049309,4,0
102,7.269530823,27.32770771,0,1
102,6.851568277,34.23654909,4,1
102,8.451675545,38.09594372,1,0
102,4.717244812,47.13954066,11,0
102,7.948676421,33.46961218,2,0
102,14.25561512,40.06240629,7,0
102,8.853520266,41.39474208,10,1
102,12.912945,37.58687547,10,0
102,7.468622189,12.52351285,7,1
102,6.247696783,35.61480713,2,1
103,17.18824454,49.48838015,1,0
103,6.256529941,33.70503295,4,0
103,14.56634952,46.56813362,0,0
103,5.355923082,29.89415294,3,0
103,15.19388153,47.436424,2,1
103,14.22491298,50.41819532,1,1
103,13.89302685,49.21518135,6,1
103,9.941295952,34.11359969,0,1
103,15.26193351,50.51367192,7,0
103,17.63268458,49.47043919,3,0
103,5.722833896,13.87901111,5,0
103,4.756461333,33.6221499,0,0
103,15.27127789,46.89290464,0,0
103,13.90264428,51.21686536,1,0
104,15.74476837,39.4921624,6,0
104,12.70098495,44.26934405,4,1
104,14.09816682,52.79087455,2,0
104,8.401148733,41.68001109,2,0
104,17.42313506,52.9715869,10,0
104,12.07327988,48.72427464,8,1
104,16.37081957,45.21800483,8,1
104,7.106445116,35.07696722,1,1
104,7.911103689,35.86228889,5,0
104,8.475858708,33.48200342,5,1
104,10.10924457,37.35824808,4,0
104,13.26762512,44.78052669,2,1
104,7.43356771,30.92146611,10,0
105,15.36030175,44.46442859,7,1
105,15.35166086,52.36727554,5,1
105,13.37816675,54.31578624,3,1
105,7.414179515,17.4349804,9,1
105,16.41756508,48.96478579,5,1
105,7.710872868,30.03438428,11,1
105,10.91486403,42.60260685,11,0
105,11.56618121,49.20821193,0,0
105,15.56473477,45.17930071,0,0
105,7.484416065,19.0335258,8,0
105,9.683774079,46.08687617,2,0
105,5.743539428,31.55410256,6,1
105,7.784397764,25.82341549,11,1
105,14.21787158,49.91097226,0,1
106,16.54027695,45.9656973,2,0
106,9.773707362,30.43100735,4,1
106,6.895551147,31.91529849,7,1
106,6.084826484,26.0702944,10,0
106,6.054110095,23.89356746,5,0
106,13.7979309,41.61130356,7,1
106,17.94048558,53.48767016,0,1
106,4.009527089,23.16594366,6,0
106,10.49184837,32.76895075,9,0
106,12.36857351,48.94105819,6,1
106,15.12355859,46.88158305,11,1
106,13.9984066,55.72226613,0,0
106,14.97131068,46.60167179,5,1
106,11.6641537,39.95312837,5,0
106,13.82825155,49.75040333,3,0
106,7.538489593,33.30948701,4,0
106,11.72013106,34.11660841,8,1
107,10.96506842,53.29355279,2,0
107,10.18727177,57.51651024,4,0
107,17.85372055,48.65581799,9,0
107,11.67433367,40.30230148,7,0
107,12.63095252,46.74159907,8,1
107,6.595634988,21.19151991,1,0
107,12.88816871,47.44740818,10,1
107,10.27998984,44.64007885,4,1
107,9.098919102,34.31317219,10,0
107,6.416490974,37.03643228,7,1
107,12.60719285,38.26011303,9,1
108,16.66798171,46.06066772,7,1
108,10.72369575,30.77196733,8,0
108,9.547761194,28.92361093,2,0
108,8.058240567,27.06373986,10,1
108,14.10674801,47.11671587,6,1
108,11.71968966,45.06651277,7,0
108,11.22604456,36.06083602,10,0
108,7.54367542,27.18039744,3,1
108,9.74348765,30.48382258,7,0
108,12.86439695,43.60947873,10,1
108,17.7008896,54.4787405,8,0
108,5.083734378,35.11095584,7,1
108,9.707492599,27.49290131,4,0
109,11.04699058,21.55134183,7,1
109,16.55233325,48.62658447,1,0
109,9.815800633,43.50196146,11,0
109,7.394333164,16.17913342,5,0
109,13.3159008,42.28772274,0,1
109,14.28689085,43.29623599,11,1
109,7.796931004,11.72177303,1,0
109,9.990214098,20.335657,10,1
109,12.60191283,38.91155505,4,0
109,11.2317802,48.05895252,6,0
109,14.99233445,57.78011387,5,0
109,11.26238042,43.44139601,5,0
109,11.30202188,39.26273785,4,0
109,4.136088082,20.42165881,6,0
109,4.778505317,30.69027191,10,1
109,16.93041435,53.96171159,4,1
109,4.724643563,21.36626906,7,1
109,16.29190744,51.48189653,7,1
110,12.02729949,46.52672457,7,1
110,11.9570683,48.63163515,8,0
110,6.103768189,28.57183767,2,1
110,16.17323924,47.79020605,7,0
110,8.909015402,24.48292036,2,0
110,7.532952024,35.23405142,10,1
110,16.31808434,49.95753488,0,0
110,4.007577389,41.0227533,11,0
110,17.1774025,43.5756245,4,1
110,13.70112032,43.05914817,4,1
110,8.184224212,26.64579464,4,0
110,4.361148057,26.36896985,0,1
110,14.45058341,39.74170538,8,0
110,5.031082524,16.1344918,7,1
110,5.074477835,13.14355133,5,1
110,11.05835735,46.11283992,0,0
111,14.12825697,52.99500021,0,1
111,13.89351094,45.71059808,3,1
111,4.037825192,28.67486741,0,1
111,15.32535512,56.44700436,3,0
111,16.53367988,57.91053781,3,1
111,15.15659695,49.80031787,10,0
111,13.32329832,54.4161493,2,0
111,13.88120039,45.87363595,0,0
111,17.27430874,52.68917934,4,0
111,17.39390403,50.88354924,1,0
111,12.87913022,49.69420087,9,0
111,13.77369381,46.46189516,7,0
111,11.68476074,53.35201237,8,0
111,7.045198892,35.08547635,9,1
111,14.84921147,50.61840529,3,1
111,4.906391772,26.2020495,8,1
112,7.275737347,39.25196998,0,0
112,17.36283917,47.82395239,9,0
112,12.56596041,24.05091276,8,1
112,10.2169274,37.69332513,2,1
112,7.494647931,22.22698882,5,0
112,13.05090528,52.6362197,3,1
112,11.94800734,51.81593485,6,0
112,11.17031212,33.83141242,6,1
112,11.79608528,26.05507915,8,1
112,4.487445873,29.12683167,8,0
112,12.61100972,58.56298962,6,0
112,10.13621622,49.05066369,4,0
112,5.660268624,27.46083696,10,0
112,9.703134569,25.31007327,5,1
112,14.54651335,51.77758505,10,1
112,4.525023409,24.46876978,11,0
112,4.81983604,30.04845315,3,0
112,6.197407124,36.62953904,3,1
112,4.987322254,23.82823661,8,1
113,12.3725827,48.4910383,3,0
113,6.117120657,45.02952406,7,0
113,4.795174362,24.87341187,5,1
113,9.357408302,31.00271581,11,1
113,14.02730436,40.20613888,7,0
113,10.48021518,38.21055515,0,1
113,11.69060965,26.31796011,4,1
113,4.479985711,24.03209766,7,0
113,5.204126201,30.03313002,0,0
113,13.02512236,34.31432717,11,1
113,10.20460587,48.51265967,1,0
114,15.0345984,51.13405372,6,1
114,7.334718508,29.94041771,3,1
114,11.72612377,33.92051503,6,1
114,9.545744411,32.02912798,2,0
114,16.03601365,61.7360569,5,1
114,17.71750717,43.11179823,3,0
114,8.188863645,24.88473252,7,1
114,14.46028947,47.27304633,6,1
114,6.371015735,26.47266871,5,0
114,14.91617255,40.14547438,6,0
114,5.43901415,24.54333529,3,1
114,8.021548677,49.02510619,0,1
114,9.60617541,26.44656446,7,0
114,6.760307096,19.15597813,0,0
114,11.11899665,49.50295646,8,0
114,10.3570839,34.23157218,4,1
114,5.635580804,41.10096233,1,1
114,4.31802722,28.70126945,1,1
115,13.45248055,46.40397729,5,1
115,14.0828811,44.54572101,4,0
115,17.39033853,56.35770437,3,0
115,15.0811905,47.32906836,4,1
115,14.15866395,50.3469682,4,0
115,5.755997269,28.95838812,0,0
115,8.38070641,47.00054685,9,1
115,8.310657478,39.05235228,5,1
115,9.102582751,30.27657234,2,1
115,11.48340404,44.20544992,0,1
115,5.679817965,29.29494965,5,1
115,6.788667156,20.90273276,5,1
115,9.717374551,23.83804058,10,1
115,15.43081818,44.69971995,3,1
115,13.31934763,37.41764863,2,0
116,8.57381662,27.24553639,8,0
116,16.83347867,53.1513008,3,0
116,12.03803627,52.44281366,4,1
116,4.456346239,28.55969231,1,0
116,12.92216537,38.47754483,10,0
116,10.44295351,35.62284683,3,1
116,13.01209278,49.31434447,1,0
116,14.44152151,51.32852647,7,0
116,6.945307645,22.98248889,1,1
116,16.40006033,54.66933262,3,1
116,5.972516367,35.83865183,5,0
116,5.958372086,24.43332059,3,0
116,11.70798607,37.07866647,0,0
116,9.997284019,26.01157972,3,1
116,10.6953395,44.31580347,9,1
116,6.361796046,30.76808383,4,1
116,9.401969555,21.33877287,4,1
116,6.231080734,40.02145028,4,1
116,17.48772721,48.85695094,3,1
117,12.57524872,52.04986916,9,1
117,17.90307042,50.52261621,6,0
117,4.685977297,14.67791346,0,1
117,4.102738284,24.24782085,5,1
117,9.193747147,28.49404934,9,1
117,15.27763797,60.24669548,6,0
117,6.455215683,29.1785946,10,1
117,7.497078478,24.9675705,1,1
117,6.236426153,38.20170613,10,0
117,6.543041219,29.28458716,11,1
117,15.40421522,52.78933564,7,0
117,10.88617361,22.23032409,5,1
117,13.86169467,59.86456036,1,0
117,4.915958461,23.9366833,9,0
117,6.71151089,25.12251782,2,1
117,11.28841399,28.75501209,7,0
118,4.966453615,25.5448604,8,0
118,5.074815584,39.87744856,0,0
118,16.0936547,50.49083899,5,0
118,15.09003978,44.66498512,3,0
118,4.313345533,32.21943767,8,0
118,11.86368893,40.51664608,7,1
118,13.41689968,44.62259303,8,0
118,17.20389113,46.94745875,1,0
118,16.12439519,50.3968279,11,0
118,9.824894276,39.88370667,2,1
118,15.29945721,52.48266667,11,0
118,16.44581337,52.07964046,0,0
118,6.042017788,28.32240818,3,1
118,12.33015116,45.58291829,10,0
118,14.91464426,59.01412856,7,0
118,7.920657314,41.66132414,4,0
118,9.433365189,20.20853287,9,0
118,9.847746861,45.3161769,10,1
118,11.18460064,40.55270147,4,1
119,5.147351581,25.79741369,11,1
119,17.63492816,51.91804876,3,0
119,6.511014586,30.80296923,3,1
119,11.99130123,27.18364521,3,0
119,12.89885831,37.41313623,9,0
119,4.864542129,36.59522073,7,1
119,8.173656574,36.73762495,10,1
119,13.60333271,53.99301608,1,1
119,8.35169709,39.23201927,0,0
119,7.92998621,34.76720885,2,1
119,5.421451418,30.39926933,4,1
119,8.330675621,28.13725419,4,1
119,17.60492722,47.36000647,7,1
119,9.862046428,35.10888082,9,0
120,10.22915892,18.64431925,6,0
120,14.67753667,52.71560143,8,1
120,14.53978788,46.22564616,11,1
120,4.341965587,24.07410204,0,1
120,7.647312926,25.62986086,7,0
120,8.545516716,44.68737272,2,0
120,16.76499157,55.86843993,2,1
120,16.90693595,55.10408568,0,0
120,5.220536992,35.16616261,9,1
120,15.5510162,60.42960527,6,0
121,6.409781596,17.60021388,2,0
121,14.1545614,41.95651743,4,0
121,4.525725417,21.86623419,7,0
121,13.35797244,30.48333984,1,1
121,15.73771144,55.58263961,7,1
121,7.225486476,14.74673809,5,1
121,11.74801664,45.74720531,11,1
121,15.00070673,47.89672277,9,0
121,12.76954889,34.33279508,2,1
121,15.34848128,48.19228128,10,0
122,10.78315471,33.97963515,1,1
122,6.173561231,35.78837004,5,0
122,12.69843608,41.48487799,8,1
122,16.04476578,49.42211013,0,1
122,14.15817771,55.04226466,4,0
122,9.612180058,30.04786597,5,0
122,9.408957948,27.79878285,7,1
122,7.594504235,33.4444327,6,1
122,8.012040184,29.26593506,7,1
122,17.33019549,49.75115664,1,1
122,5.924037015,38.49702524,2,1
122,10.72405068,33.30034124,2,0
122,11.11596251,44.19896632,7,1
122,5.777877659,33.55359159,1,1
122,11.67741032,27.88141801,0,1
122,4.152715195,33.11088782,9,1
122,8.504649872,35.69842097,11,1
123,11.3394575,35.44660606,4,0
123,7.529861487,37.79238988,7,1
123,7.235871678,18.47862344,8,0
123,4.34084511,29.79634463,8,1
123,6.174137627,29.99598191,5,0
123,14.91670008,53.27600828,3,1
123,15.94777708,43.72777375,6,0
123,6.835259074,41.0399622,10,0
123,4.660557771,32.49836788,7,0
123,16.74404639,47.9089588,8,0
123,15.5444639,51.45740537,5,0
123,15.86613635,48.55265732,4,1
123,12.00468505,40.68563322,7,0
123,17.21047782,47.65214846,11,0
123,14.87579078,40.09298071,1,0
123,6.27641257,25.17682114,9,0
124,5.275705976,18.2168886,9,1
124,7.103390514,20.69680618,11,1
124,6.526035416,31.68114422,1,1
124,4.462161781,16.99240859,3,1
124,5.973241068,11.80242014,11,1
124,4.734774393,26.53125805,10,1
124,14.90035072,40.83374577,3,1
124,12.73704505,46.97699303,0,1
124,8.774362785,30.12697917,0,1
124,14.41390535,44.95143381,1,1
124,16.83288482,45.8545661,7,0
124,13.10670512,36.83339447,11,1
124,8.086585537,25.00394313,9,0
124,12.32509506,33.97267324,0,1
125,9.157963119,31.71940856,2,1
125,6.47655804,28.43042339,4,0
125,9.903624681,38.79558085,11,0
125,10.08577759,39.08597781,1,1
125,5.452595627,29.22716577,5,0
125,10.47342489,44.02803924,7,1
125,8.030723137,26.94670256,8,1
125,7.00731949,26.75358554,3,1
125,6.943353896,12.68747915,0,1
125,16.37137798,55.33808981,10,1
125,6.103107632,14.93810601,1,0
125,6.548901275,33.14747408,8,1
125,10.38748437,40.06250455,9,1
125,6.189894784,37.78057574,9,0
125,8.609864695,42.41362137,3,0
125,16.83919992,47.61927784,4,1
125,9.322931587,32.62756226,8,0
126,9.889006637,16.01611453,10,0
126,5.563223826,24.676666,7,1
126,7.785655883,29.40909261,5,0
126,10.88291797,35.36806725,1,1
126,12.30487297,34.21765306,8,1
126,16.24319932,45.3531552,6,0
126,6.277856253,18.50657419,0,0
126,5.25106668,26.58217954,11,1
126,8.152159588,50.10475436,6,0
126,8.630745358,31.45352302,7,0
126,4.683327167,47.64610783,8,1
126,14.66643449,56.8541148,7,0
126,4.346591792,35.7737954,5,1
126,15.32399485,45.8305459,3,1
126,16.98865125,48.34120918,8,1
126,7.455521851,31.83447568,0,0
127,4.553494636,45.05692391,1,0
127,6.218752714,28.87644613,6,0
127,15.27957716,41.04605533,11,1
127,5.861025146,38.23705113,3,1
127,11.61601896,20.23400265,11,0
127,11.62633109,43.44712829,2,1
127,5.66348973,19.39829697,7,0
127,16.69958064,53.44792384,9,0
127,14.96393704,55.08562566,8,0
127,13.75901905,46.52043422,7,0
127,9.411835509,27.36290363,1,0
128,13.95493501,59.01253204,3,1
128,17.20956239,53.54444338,0,1
128,16.79324205,51.80631264,7,1
128,9.798811347,26.14455544,5,0
128,13.58454088,45.0492237,8,1
128,8.715827633,50.49651332,2,0
128,12.93964465,42.86583232,11,0
128,5.69091119,34.81618113,4,1
128,10.5285848,47.33967835,8,1
128,4.937125356,28.38690242,4,1
128,15.01834419,50.86163187,11,0
128,8.177319235,29.46865871,6,1
128,15.50721608,53.91272499,0,1
128,16.58504353,47.07440338,6,0
128,15.85871212,49.33338402,9,1
129,11.12444018,37.47220183,8,1
129,9.621034815,35.88130435,4,0
129,6.495383204,28.43051698,3,0
129,6.718165987,30.98163061,1,1
129,17.86629585,52.98518415,8,0
129,10.83213812,28.46356145,2,1
129,10.82785706,41.42240245,0,0
129,9.59192181,17.73755764,0,0
129,9.194833696,22.45809199,11,0
129,10.0203413,37.35296702,6,1
129,5.996553267,14.200252,0,0
130,16.35743285,49.03441293,2,0
130,14.33040555,51.23773262,7,1
130,4.865760574,33.67527945,5,0
130,13.07215291,64.23741867,2,1
130,13.19510348,41.47622526,0,1
130,16.77274053,50.22804256,6,1
130,10.55391665,30.39773008,11,0
130,11.74335469,27.70501611,1,0
130,13.01702946,44.40216773,2,0
130,17.77906045,50.39525159,3,0
130,15.43427894,48.66402864,2,0
131,16.79936537,50.94530865,3,0
131,16.54963773,53.33075004,10,0
131,10.30823981,42.8043005,2,0
131,5.713692076,51.21186283,11,1
131,14.88796316,46.7685796,0,1
131,8.685472656,30.38453916,10,1
131,6.213734205,51.20841741,2,1
131,14.28462783,39.44666157,11,0
131,14.36382682,35.48737212,10,0
131,6.685279197,25.12796415,8,0
131,15.41938409,44.86556635,4,0
131,15.75616272,40.90425746,11,0
131,15.90925535,49.78351638,8,0
131,6.490236274,39.22401896,0,1
131,8.815098571,31.51077966,6,0
131,5.239290845,25.53037666,1,1
131,13.27613428,39.16362786,1,0
131,16.28739432,49.0732024,11,0
131,17.23571641,56.76567561,3,1
131,4.310385104,37.31957883,7,1
131,11.69956172,35.88029876,7,0
131,13.34242464,49.32581016,8,1
131,15.26940927,48.96350823,8,1
131,13.85687836,40.61509125,0,0
131,6.194634633,36.1540093,8,0
131,5.186601879,21.54102795,5,1
131,12.73760615,38.4559771,11,0
131,14.46345715,41.89960593,3,0
131,17.02329812,46.68042611,7,1
131,17.9835103,52.5972467,9,0
131,10.44240649,30.32020178,1,0
131,4.525602043,22.33155833,4,0
131,16.26086124,52.1316494,9,0
131,17.92020266,49.469382,5,0
131,16.01998744,49.37084955,0,0
131,7.416584778,24.82970255,9,1
131,13.66181251,46.69540995,6,0
131,8.216337333,40.52896033,0,0
131,10.14374561,45.26443369,8,1
131,14.99308571,39.37400224,7,0
131,5.942593833,17.04937336,7,1
131,6.969565383,39.38067653,4,0
131,10.96013242,38.25003249,9,0
131,12.5290413,38.79179666,7,1
131,17.87164259,48.28094026,10,1
131,6.749455765,26.44791676,4,1
131,9.691413529,42.15975443,0,1
131,9.635252909,36.70798767,7,0
131,10.70634676,41.59811119,0,0
131,17.58580832,51.70575259,7,1
131,13.88879858,48.08236422,8,0
131,9.854071324,30.64099056,10,1
131,8.997133414,26.9703067,1,1
131,8.56028132,26.62232686,2,0
131,17.64339784,47.62136583,7,0
131,9.90903519,44.7977684,0,1
131,15.41730697,48.26207038,9,1
131,11.71010684,31.44193463,10,0
131,8.500347921,25.03921869,11,1
131,16.35795117,36.20535664,9,0
131,14.92202341,47.51914564,8,1
131,10.37970381,42.71524954,3,0
131,6.669195064,29.74425187,5,0
131,6.680063552,35.64602379,2,0
131,9.068300543,32.66507047,1,0
131,4.077439173,31.44122847,5,0
131,6.844709227,36.73269272,1,1
131,13.92232493,50.07570491,4,1
131,12.70923156,35.98374515,11,0
131,4.725292329,20.17369558,9,0
131,10.70514,43.28715494,8,0
131,5.323023989,35.93669436,11,1
131,11.43441048,33.53277335,2,1
131,9.324516089,33.02301244,5,1
131,14.12325038,50.97138995,1,0
131,15.9035656,38.72012243,1,1
131,13.19526719,38.63248319,4,1
131,9.784467437,17.09655644,5,1
131,11.3841215,40.83394079,8,0
131,5.472329625,27.32075427,7,1
131,14.46764579,46.70690914,3,0
131,16.2316252,50.79152467,8,1
131,8.173403611,39.54385909,7,0
131,9.610276959,20.74833912,10,1
131,9.101007385,40.24463807,3,0
131,10.5926218,54.99016209,8,1
131,15.39619983,48.51250046,1,0
131,7.823549595,42.53031411,3,1
131,8.587380527,29.8383714,3,1
131,9.987650723,44.69493708,5,1
131,6.346834758,22.77144629,9,1
131,16.95954528,52.14896744,7,0
131,8.878944265,32.67471957,11,0
131,13.77383031,35.56184216,9,0
131,15.01089754,41.73155286,1,0
131,4.08849548,29.82428259,11,0
131,13.93536462,28.16231947,3,1
131,15.72322079,47.49929018,0,1
131,12.72196582,44.03587259,8,0
131,15.77176254,49.32303394,4,0
131,12.48675013,50.14491513,8,0
131,17.19091106,43.54814626,4,1
131,4.400554777,21.50930937,3,0
131,13.66671629,50.4008638,5,1
131,8.183834704,27.93077335,5,0
131,15.24930288,58.77781989,9,0
131,17.40416561,53.66239565,9,1
131,6.031692761,39.10023726,5,1
131,15.68435339,49.59297814,8,1
131,13.70455008,52.25743187,10,0
131,13.55481179,41.23677228,4,0
131,15.68057138,56.9361234,7,0
131,12.79590145,34.36932483,0,0
131,15.55009986,44.63174986,7,0
131,14.52685948,44.64372616,2,1
131,10.88144751,33.11887353,8,1
131,17.33642509,46.44584127,5,0
131,17.52777725,47.54252253,4,1
131,5.717562459,31.16968358,4,0
131,14.45250418,42.46376579,0,0
131,6.37179848,33.15219697,7,1
131,14.4467876,52.51797634,9,0
131,5.965830437,29.63582467,0,0
131,5.318098271,30.88696886,5,0
131,11.65310046,40.15137066,9,0
131,9.834191978,39.74224226,0,0
131,15.43028263,55.21338036,9,1
131,15.2261608,48.24533057,4,1
131,7.830640034,27.88922105,1,1
131,8.477984724,38.157426,5,1
131,10.50410603,40.98921312,4,0
131,14.88679274,51.03247081,8,1
131,16.80841557,47.22846736,0,1
131,13.81638708,36.13399179,4,0
131,11.79752308,35.86668315,9,0
131,16.26153298,44.57472109,6,1
131,13.05306289,39.18765179,7,0
131,10.82265251,41.85458914,10,1
131,10.11054016,45.54065654,7,1
131,17.69522649,50.99394722,11,1
131,10.76972158,40.93585004,2,0
131,5.585937673,22.842745,8,1
131,16.25472589,53.53194971,4,0
131,13.01033241,38.8000938,4,0
131,5.848274025,35.00428011,11,0
131,17.40538202,45.51937951,0,0
131,10.36638626,34.64807068,1,0
131,12.99798032,46.54907825,9,0
131,10.39223511,41.66974618,10,0
131,11.32362963,34.04569648,9,0
131,17.40522463,45.74672435,6,0
131,17.97640807,39.27509115,5,0
131,8.633591142,27.93118779,5,1
131,9.938875319,30.07705819,1,0
131,16.09081194,45.62663634,0,1
131,6.957149051,28.78564033,6,1
131,14.27724932,40.77502344,1,1
131,8.573747242,29.45752228,7,0
131,4.610415611,29.18240671,2,0
131,11.7016753,33.62780738,3,0
131,6.505426861,19.64091949,0,1
131,17.08423334,53.51136456,1,0
131,7.059528064,18.51445788,5,1
131,15.66631487,58.18137105,0,1
131,9.95449238,23.77039569,5,0
131,12.49355241,42.11744146,7,1
131,15.0671329,53.27213023,1,1
131,5.24646331,29.41720884,2,0
131,11.47035795,48.33937831,6,1
131,11.25186579,37.42900583,1,1
131,16.34851325,47.58179719,7,1
131,11.0812577,35.16437771,1,1
131,5.310627267,30.51622455,8,0
131,12.90874252,49.23603772,6,1
131,17.05786758,54.26587695,1,1
131,17.16896116,45.43781021,6,1
131,7.079881868,22.08838088,10,1
131,7.004731108,30.70089853,10,0
131,17.15940565,49.61853413,0,0
131,6.86020985,27.28838276,5,0
131,9.10918707,29.20731101,4,1
131,15.03488893,40.74728657,1,1
131,6.676651987,25.90939927,8,1
131,10.68889512,45.08804828,3,0
131,13.84778747,48.09084751,2,0
131,10.67998025,33.32671678,5,1
131,5.539348594,20.6618347,3,1
131,15.82494599,54.75044947,7,0
131,13.24005842,37.27738268,7,1
131,11.11804885,31.96825051,5,1
131,5.99216266,38.00105727,8,1
131,13.4891124,47.78981678,2,1
131,10.00673888,34.32264343,5,1
131,13.55530828,44.74608321,1,1
131,14.11951768,43.86281335,6,1
131,6.982614947,30.24290916,10,1
131,11.09337756,45.38124792,0,1
131,5.475487201,37.96371068,2,1
131,9.738799303,43.05203442,5,1
131,7.250555717,28.14838696,5,0
131,11.09763243,28.58507372,9,1
131,9.176362999,29.47733175,8,1
131,13.83428507,38.781639,0,1
131,10.9331319,15.86655274,9,1
131,14.03573815,41.51864134,7,1
131,5.115445175,33.60558261,0,0
131,6.901180653,46.34304232,4,1
131,9.775311443,31.70892198,10,0
131,11.39423451,28.80358779,11,1
131,5.854306254,36.18480713,0,0
131,4.246303243,27.37120032,4,1
131,14.41230222,45.30296386,0,0
131,7.034801321,21.79822513,3,1
131,10.99590652,57.48628245,5,1
131,10.84789787,38.45674114,7,1
131,8.299421706,40.58555091,0,0
131,14.06466365,41.78339185,7,0
131,15.32444109,49.61983063,10,1
131,5.7679455,15.70778875,8,0
131,11.09507657,27.14525866,9,1
131,12.35356213,47.17055289,8,1
131,14.81044091,49.96237923,1,1
131,10.72857887,54.32513605,4,1
131,17.54539787,52.18786819,11,1
131,14.03149203,44.74736819,10,1
131,12.69033568,48.07525636,11,1
131,13.71324385,55.41601622,8,1
131,14.40463465,54.51959431,2,0
131,6.328307178,20.31002751,2,1
131,15.32840529,47.10948875,1,1
131,11.04566779,45.24422613,3,1
131,17.10061045,55.51238104,7,1
131,14.40068399,56.55671746,0,0
131,9.426546597,39.57795075,2,1
131,11.77428639,32.07269341,0,0
131,10.54545267,49.74019986,9,1
131,15.32673868,39.13526937,8,1
131,13.77354809,34.0077185,10,1
131,13.22736149,36.39227038,1,1
131,4.277389791,16.36231315,8,1
131,4.940055591,21.43249404,9,0
131,8.900907669,28.68847288,7,0
131,14.63655541,53.05345767,2,1
131,4.92670226,23.51812328,8,1
131,5.38720258,19.10436293,2,0
131,10.02985789,34.1523439,8,0
131,9.278551941,20.11801874,2,1
131,16.73165808,49.26256883,2,1
131,11.18899283,36.021988,9,1
131,17.16533735,53.60133309,1,0
131,16.01151564,45.26867649,2,0
131,4.801507537,33.77692747,2,1
131,12.54246625,44.27977576,6,1
131,11.70827419,49.71527121,9,0
131,17.03063516,50.32365651,4,1
131,12.94320978,49.24329285,8,1
131,11.06783138,33.67781504,6,1
131,12.5466437,46.79530222,3,1
131,11.25954651,44.99816962,8,0
131,7.678630403,30.7239242,9,1
131,6.021823423,32.44307012,1,1
131,14.89899447,48.87686508,4,1
131,13.58953194,36.49538527,1,1
131,8.106661514,41.81630754,1,0
131,16.983646,52.58600824,2,1
131,17.26597124,49.61298007,0,1
131,15.51749046,44.10781331,1,0
131,14.57300045,52.67922123,9,1
131,9.619863437,36.37871128,5,1
131,6.14623504,21.13228471,0,1
131,16.47269861,49.11588236,7,1
131,5.637289543,31.72819759,1,0
131,8.986145123,17.30108962,3,1
131,15.23011035,48.05658637,5,1
131,6.99571455,32.21245426,0,0
131,6.540920657,25.02103891,2,0
131,4.228064544,17.00973891,6,1
131,13.29582535,40.96149034,9,0
131,6.807974472,41.07521941,6,1
131,13.11382618,49.76373928,11,1
131,17.22838059,40.06207981,8,1
131,4.285816183,31.24391281,8,0
131,13.16759261,29.22122381,4,0
131,15.33563668,49.05569052,4,1
131,6.399183412,29.70512961,11,0
131,12.88510157,37.9407427,8,0
131,16.604129,52.4351691,0,0
131,6.719667982,52.4175036,4,1
131,15.48452508,58.32986708,5,1
131,13.71180356,44.07968288,4,1
131,7.879708233,13.96182212,2,1
131,17.37129229,49.01984287,3,1
131,11.61996513,41.94961017,8,0
131,12.90412213,44.40353748,9,0
131,6.064730722,25.19660979,1,1
131,16.27288837,58.76797132,2,0
131,15.83161813,40.421809,9,1
131,8.556460581,27.73309593,2,0
131,8.804241037,39.2155213,1,1
131,4.392472731,30.07116212,7,1
131,14.4409421,53.82504776,5,0
131,6.171585903,20.60459671,10,0
131,6.767603051,35.70108239,3,0
131,12.47837268,52.07644121,7,1
131,17.36185096,48.32785472,5,0
131,14.19210339,50.71053634,3,1
131,15.81462571,46.96134694,8,0
131,16.58363373,40.82312307,3,1
131,11.99676295,46.19517344,7,1
131,17.23425122,56.08535262,9,0
131,4.968370862,32.15800936,3,1
131,13.34221404,32.85680016,3,1
131,13.01607241,33.23393368,10,0
131,16.20785213,41.71685492,0,1
131,8.986449602,32.52988071,10,1
131,5.496858313,20.29833255,7,1
131,10.65605606,57.94024461,1,1
131,9.217977856,29.65450764,10,0
131,7.15259151,33.29028688,0,0
131,8.156115578,38.75699913,8,1
131,17.33347631,55.54483598,7,0
131,15.97727954,39.0551247,3,1
131,16.26363825,47.84793985,10,0
131,10.2973563,40.42535319,8,1
131,14.81663905,50.91776807,7,1
131,4.442429959,20.58239597,5,1
131,9.987503886,43.53837732,1,0
131,7.275494312,28.67634368,1,1
131,16.40092434,52.70811936,5,0
131,16.98711936,57.44824375,8,0
131,6.39923339,35.1299595,11,0
131,12.60201166,44.44664118,8,1
131,11.84844894,36.44297218,3,0
131,7.504509118,26.08261773,0,0
131,11.79323481,40.1315813,10,1
131,16.23155903,49.21028727,7,1
131,17.5438145,54.12385054,4,1
131,9.184351754,30.68959628,2,0
131,16.29838163,54.09447972,4,0
131,14.25317482,50.94883086,10,0
131,17.21129391,50.86363907,11,1
131,10.51080386,58.67659586,5,0
131,17.64806505,49.38457228,5,0
131,7.729481986,34.22885747,9,1
131,8.353531309,20.63684248,3,0
131,16.53339375,52.60446613,6,0
131,12.89856033,41.66795527,6,1
131,14.01177685,54.79388877,1,1
131,14.78350168,50.34405831,7,1
131,6.785162569,34.61574637,10,1
131,5.825579513,23.40144645,9,0
131,13.66848392,30.6890569,6,0
131,7.098139512,25.49209904,10,0
131,16.64721762,50.83526955,2,0
131,8.214173918,27.02209872,11,0
131,7.111683543,35.63092219,9,1
131,10.0272552,36.88626484,9,1
131,17.7678667,45.93780747,11,0
131,5.944863223,27.2547425,8,1
131,13.75710576,34.70078769,3,1
131,13.83446019,39.73325778,8,0
131,17.94798301,56.65419977,10,0
131,7.54731649,33.40490116,4,1
131,13.39193185,40.05639544,2,1
131,11.07690774,34.41460437,7,1
131,6.714580652,21.05634638,8,0
131,14.34110548,47.72684162,0,1
131,9.93942214,31.37273858,0,1
131,9.612396144,39.82780245,3,1
131,17.14474175,46.19800455,11,1
131,9.957760156,36.34950148,10,0
131,6.695579444,29.0586442,8,0
131,9.724522808,25.80800853,8,0
131,4.204784206,25.40142757,5,1
131,4.309489981,36.8797895,8,1
131,13.04086404,39.8785384,9,1
131,10.00133053,38.28752026,1,1
131,13.79798723,49.91909145,9,0
131,6.737129851,25.38971139,6,1
131,8.703796748,31.21314759,0,1
131,9.075897787,32.14303776,3,1
131,17.7635311,58.43040823,7,0
131,11.08330189,32.87395496,2,0
131,7.303463219,29.1330545,1,1
131,14.61011268,45.46781004,1,1
131,8.681495008,28.22512799,7,1
131,5.119135745,24.42238231,2,1
131,12.32257027,37.6732269,8,0
131,14.15160835,46.37038838,2,1
131,11.9587142,51.89653531,6,0
131,13.69282013,45.488605,4,1
131,7.085118515,20.01307933,8,0
131,6.72080716,21.08586977,4,1
131,11.85023183,42.10350565,0,0
131,14.18142131,55.04223078,7,0
131,14.47249266,52.7616814,4,1
131,10.47410772,44.41461988,5,1
131,4.407165816,38.5770451,9,0
131,8.84783567,36.16201221,7,0
131,13.71070507,46.14635091,11,0
131,7.049541283,8.167982498,2,0
131,7.704683595,28.19449267,2,1
131,13.04663684,54.75154027,11,1
131,13.14407079,47.8593782,11,0
131,4.085333904,29.66630962,5,0
131,11.49705751,31.19247071,3,1
131,6.503824734,32.77049664,11,0
131,11.24333018,29.58957458,10,1
131,12.33289979,41.07136277,7,0
131,7.126930563,42.47413776,8,0
131,17.70762516,45.37752337,8,1
131,14.17712958,51.94743242,4,1
131,12.71285134,51.1118506,7,0
131,10.94479639,46.28372895,1,1
131,8.957439562,30.22297238,2,0
131,9.710669245,26.92198572,4,0
131,12.78815243,41.99964203,4,0
131,6.491675936,15.94084537,3,0
